Facultate_privata_creata,2019-31-27 06:31:39
------ New Program -----
Facultate_stat_creata,2019-31-27 06:31:39
Candidat_creat,2019-31-27 06:31:39
Candidat_creat,2019-31-27 06:31:39
Candidat_creat,2019-31-27 06:31:39
Candidat_creat,2019-31-27 06:31:39
Candidat_creat,2019-31-27 06:31:39
Candidat_creat,2019-31-27 06:31:39
Candidati_stat_sortati,2019-31-27 06:31:39
Candidati_privata_sortati,2019-31-27 06:31:39
Lista_stat_creata,2019-31-27 06:31:39
Lista_privata_creata,2019-31-27 06:31:39
Candidat_creat,2019-31-27 06:31:39
Candidat_creat,2019-31-27 06:31:39
Candidat_creat,2019-31-27 06:31:39
Candidat_creat,2019-31-27 06:31:39
Candidat_creat,2019-31-27 06:31:39
Candidat_creat,2019-31-27 06:31:39
Facultate_privata_creata,2019-34-27 06:34:53
------ New Program -----
Facultate_stat_creata,2019-34-27 06:34:53
Candidat_creat,2019-34-27 06:34:53
Candidat_creat,2019-34-27 06:34:53
Candidat_creat,2019-34-27 06:34:53
Candidat_creat,2019-34-27 06:34:53
Candidat_creat,2019-34-27 06:34:53
Candidat_creat,2019-34-27 06:34:53
Candidati_stat_sortati,2019-34-27 06:34:53
Candidati_privata_sortati,2019-34-27 06:34:53
Lista_stat_creata,2019-34-27 06:34:53
Lista_privata_creata,2019-34-27 06:34:53
Facultate_privata_creata,2019-55-27 06:55:35
------ New Program -----
Facultate_stat_creata,2019-55-27 06:55:35
Candidat_creat,2019-55-27 06:55:35
Candidat_creat,2019-55-27 06:55:35
Candidat_creat,2019-55-27 06:55:35
Candidat_creat,2019-55-27 06:55:35
Candidat_creat,2019-55-27 06:55:35
Candidat_creat,2019-55-27 06:55:35
Candidati_stat_sortati,2019-55-27 06:55:35
Candidati_privata_sortati,2019-55-27 06:55:35
Lista_stat_creata,2019-55-27 06:55:35
Lista_privata_creata,2019-55-27 06:55:35
Facultate_privata_creata,2019-31-27 07:31:19
------ New Program -----
Facultate_stat_creata,2019-31-27 07:31:19
Candidat_creat,2019-31-27 07:31:19
Candidat_creat,2019-31-27 07:31:19
Candidat_creat,2019-31-27 07:31:19
Candidat_creat,2019-31-27 07:31:19
Candidat_creat,2019-31-27 07:31:19
Candidat_creat,2019-31-27 07:31:19
Candidati_stat_sortati,2019-31-27 07:31:19
Candidati_privata_sortati,2019-31-27 07:31:19
Lista_stat_creata,2019-31-27 07:31:19
Lista_privata_creata,2019-31-27 07:31:19
Facultate_privata_creata,2019-34-27 07:34:26
------ New Program -----
Facultate_stat_creata,2019-34-27 07:34:26
Candidat_creat,2019-34-27 07:34:26
Candidat_creat,2019-34-27 07:34:26
Candidat_creat,2019-34-27 07:34:26
Candidat_creat,2019-34-27 07:34:26
Candidat_creat,2019-34-27 07:34:26
Candidat_creat,2019-34-27 07:34:26
Candidati_stat_sortati,2019-34-27 07:34:26
Candidati_privata_sortati,2019-34-27 07:34:26
Lista_stat_creata,2019-34-27 07:34:26
Lista_privata_creata,2019-34-27 07:34:26
Facultate_privata_creata,2019-37-27 07:37:12
------ New Program -----
Facultate_stat_creata,2019-37-27 07:37:12
Candidat_creat,2019-37-27 07:37:12
Candidat_creat,2019-37-27 07:37:12
Candidat_creat,2019-37-27 07:37:12
Candidat_creat,2019-37-27 07:37:12
Candidat_creat,2019-37-27 07:37:12
Candidat_creat,2019-37-27 07:37:12
Candidati_stat_sortati,2019-37-27 07:37:12
Candidati_privata_sortati,2019-37-27 07:37:12
Lista_stat_creata,2019-37-27 07:37:12
Lista_privata_creata,2019-37-27 07:37:12
Facultate_privata_creata,2019-56-27 07:56:57
------ New Program -----
Facultate_stat_creata,2019-56-27 07:56:57
Candidat_creat,2019-56-27 07:56:57
Candidat_creat,2019-56-27 07:56:57
Candidat_creat,2019-56-27 07:56:57
Candidat_creat,2019-56-27 07:56:57
Candidat_creat,2019-56-27 07:56:57
Candidat_creat,2019-56-27 07:56:57
Candidati_stat_sortati,2019-56-27 07:56:57
Candidati_privata_sortati,2019-56-27 07:56:57
Lista_stat_creata,2019-56-27 07:56:57
Lista_privata_creata,2019-56-27 07:56:57
Facultate_privata_creata,2019-00-27 08:00:26
------ New Program -----
Facultate_stat_creata,2019-00-27 08:00:26
Candidat_creat,2019-00-27 08:00:26
Candidat_creat,2019-00-27 08:00:26
Candidat_creat,2019-00-27 08:00:26
Candidat_creat,2019-00-27 08:00:26
Candidat_creat,2019-00-27 08:00:26
Candidat_creat,2019-00-27 08:00:26
Candidati_stat_sortati,2019-00-27 08:00:26
Candidati_privata_sortati,2019-00-27 08:00:26
Lista_stat_creata,2019-00-27 08:00:26
Lista_privata_creata,2019-00-27 08:00:26
Facultate_privata_creata,2019-02-27 08:02:37
------ New Program -----
Facultate_stat_creata,2019-02-27 08:02:37
Candidat_creat,2019-02-27 08:02:37
Candidat_creat,2019-02-27 08:02:37
Candidat_creat,2019-02-27 08:02:37
Candidat_creat,2019-02-27 08:02:37
Candidat_creat,2019-02-27 08:02:37
Candidat_creat,2019-02-27 08:02:37
Candidati_stat_sortati,2019-02-27 08:02:37
Candidati_privata_sortati,2019-02-27 08:02:37
Lista_stat_creata,2019-02-27 08:02:37
Lista_privata_creata,2019-02-27 08:02:37
Facultate_privata_creata,2019-03-27 08:03:47
------ New Program -----
Facultate_stat_creata,2019-03-27 08:03:47
Candidat_creat,2019-03-27 08:03:47
Candidat_creat,2019-03-27 08:03:47
Candidat_creat,2019-03-27 08:03:47
Candidat_creat,2019-03-27 08:03:47
Candidat_creat,2019-03-27 08:03:47
Candidat_creat,2019-03-27 08:03:47
Candidati_stat_sortati,2019-03-27 08:03:47
Candidati_privata_sortati,2019-03-27 08:03:47
Lista_stat_creata,2019-03-27 08:03:47
Lista_privata_creata,2019-03-27 08:03:47
Facultate_privata_creata,2019-05-27 08:05:26
------ New Program -----
Facultate_stat_creata,2019-05-27 08:05:26
Candidat_creat,2019-05-27 08:05:26
Candidat_creat,2019-05-27 08:05:26
Candidat_creat,2019-05-27 08:05:26
Candidat_creat,2019-05-27 08:05:26
Candidat_creat,2019-05-27 08:05:26
Candidat_creat,2019-05-27 08:05:26
Candidati_stat_sortati,2019-05-27 08:05:26
Candidati_privata_sortati,2019-05-27 08:05:26
Lista_stat_creata,2019-05-27 08:05:26
Lista_privata_creata,2019-05-27 08:05:26
Facultate_privata_creata,2019-06-27 08:06:21
------ New Program -----
Facultate_stat_creata,2019-06-27 08:06:21
Candidat_creat,2019-06-27 08:06:21
Candidat_creat,2019-06-27 08:06:21
Candidat_creat,2019-06-27 08:06:21
Candidat_creat,2019-06-27 08:06:21
Candidat_creat,2019-06-27 08:06:21
Candidat_creat,2019-06-27 08:06:21
Candidati_stat_sortati,2019-06-27 08:06:21
Candidati_privata_sortati,2019-06-27 08:06:21
Lista_stat_creata,2019-06-27 08:06:21
Lista_privata_creata,2019-06-27 08:06:21
Facultate_privata_creata,2019-08-27 08:08:26
------ New Program -----
Facultate_stat_creata,2019-08-27 08:08:26
Candidat_creat,2019-08-27 08:08:26
Candidat_creat,2019-08-27 08:08:26
Candidat_creat,2019-08-27 08:08:26
Candidat_creat,2019-08-27 08:08:26
Candidat_creat,2019-08-27 08:08:26
Candidat_creat,2019-08-27 08:08:26
Candidati_stat_sortati,2019-08-27 08:08:26
Candidati_privata_sortati,2019-08-27 08:08:26
Lista_stat_creata,2019-08-27 08:08:26
Lista_privata_creata,2019-08-27 08:08:26
Facultate_privata_creata,2019-10-27 08:10:41
------ New Program -----
Facultate_stat_creata,2019-10-27 08:10:41
Candidat_creat,2019-10-27 08:10:41
Candidat_creat,2019-10-27 08:10:41
Candidat_creat,2019-10-27 08:10:41
Candidat_creat,2019-10-27 08:10:41
Candidat_creat,2019-10-27 08:10:41
Candidat_creat,2019-10-27 08:10:41
Candidati_stat_sortati,2019-10-27 08:10:41
Candidati_privata_sortati,2019-10-27 08:10:41
Lista_stat_creata,2019-10-27 08:10:41
Lista_privata_creata,2019-10-27 08:10:41
Facultate_privata_creata,2019-16-27 08:16:46
------ New Program -----
Facultate_stat_creata,2019-16-27 08:16:46
Candidat_creat,2019-16-27 08:16:46
Candidat_creat,2019-16-27 08:16:46
Candidat_creat,2019-16-27 08:16:46
Candidat_creat,2019-16-27 08:16:46
Candidat_creat,2019-16-27 08:16:46
Candidat_creat,2019-16-27 08:16:46
Candidati_stat_sortati,2019-16-27 08:16:46
Candidati_privata_sortati,2019-16-27 08:16:46
Lista_stat_creata,2019-16-27 08:16:46
Lista_privata_creata,2019-16-27 08:16:46
Facultate_privata_creata,2019-23-27 08:23:24
------ New Program -----
Facultate_stat_creata,2019-23-27 08:23:24
Candidat_creat,2019-23-27 08:23:24
Candidat_creat,2019-23-27 08:23:24
Candidat_creat,2019-23-27 08:23:24
Candidat_creat,2019-23-27 08:23:24
Candidat_creat,2019-23-27 08:23:24
Candidat_creat,2019-23-27 08:23:24
Candidati_stat_sortati,2019-23-27 08:23:24
Candidati_privata_sortati,2019-23-27 08:23:24
Lista_stat_creata,2019-23-27 08:23:24
Lista_privata_creata,2019-23-27 08:23:24
Facultate_privata_creata,2019-32-27 08:32:02
------ New Program -----
Facultate_stat_creata,2019-32-27 08:32:02
Candidat_creat,2019-32-27 08:32:02
Candidat_creat,2019-32-27 08:32:02
Candidat_creat,2019-32-27 08:32:02
Candidat_creat,2019-32-27 08:32:02
Candidat_creat,2019-32-27 08:32:02
Candidat_creat,2019-32-27 08:32:02
Candidati_stat_sortati,2019-32-27 08:32:02
Candidati_privata_sortati,2019-32-27 08:32:02
Lista_stat_creata,2019-32-27 08:32:02
Lista_privata_creata,2019-32-27 08:32:02
Facultate_privata_creata,2019-41-27 08:41:11
------ New Program -----
Facultate_stat_creata,2019-41-27 08:41:11
Candidat_creat,2019-41-27 08:41:11
Candidat_creat,2019-41-27 08:41:11
Candidat_creat,2019-41-27 08:41:11
Candidat_creat,2019-41-27 08:41:11
Candidat_creat,2019-41-27 08:41:11
Candidat_creat,2019-41-27 08:41:11
Candidati_stat_sortati,2019-41-27 08:41:11
Candidati_privata_sortati,2019-41-27 08:41:11
Lista_stat_creata,2019-41-27 08:41:11
Lista_privata_creata,2019-41-27 08:41:11
Facultate_privata_creata,2019-42-27 08:42:21
------ New Program -----
Facultate_stat_creata,2019-42-27 08:42:21
Candidat_creat,2019-42-27 08:42:21
Candidat_creat,2019-42-27 08:42:21
Candidat_creat,2019-42-27 08:42:21
Candidat_creat,2019-42-27 08:42:21
Candidat_creat,2019-42-27 08:42:21
Candidat_creat,2019-42-27 08:42:21
Candidati_stat_sortati,2019-42-27 08:42:21
Candidati_privata_sortati,2019-42-27 08:42:21
Lista_stat_creata,2019-42-27 08:42:21
Lista_privata_creata,2019-42-27 08:42:21
Facultate_privata_creata,2019-47-27 08:47:41
------ New Program -----
Facultate_stat_creata,2019-47-27 08:47:41
Candidat_creat,2019-47-27 08:47:41
Candidat_creat,2019-47-27 08:47:41
Candidat_creat,2019-47-27 08:47:41
Candidat_creat,2019-47-27 08:47:41
Candidat_creat,2019-47-27 08:47:41
Candidat_creat,2019-47-27 08:47:41
Candidati_stat_sortati,2019-47-27 08:47:41
Candidati_privata_sortati,2019-47-27 08:47:41
Lista_stat_creata,2019-47-27 08:47:41
Lista_privata_creata,2019-47-27 08:47:41
